{
  "build_type": "Release",
  "config": {
    "input_wav": "test.wav",
    "iterations": 3,
    "warmup": 1
  },
  "git_sha": "c0abbd5",
  "host": {
    "cpu": "AMD RYZEN AI MAX+ 395 w/ Radeon 8060S",
    "uname": "Linux 6.17.0-22-generic x86_64"
  },
  "results": {
    "dac": {
      "e2e": {
        "n_failures": 0,
        "ok": true,
        "peak_rss_mb": {
          "mean": 1431.3385416666667,
          "n": 3,
          "p50": 1431.421875,
          "p95": 1431.720703125,
          "std": 0.3777882094594764
        },
        "phases": {
          "decode_total": {
            "mean_ms": 1553.8066666666666,
            "n": 3,
            "p50_ms": 1553.222,
            "p95_ms": 1556.1829999999998,
            "std_ms": 2.013114557649971
          },
          "encode_total": {
            "mean_ms": 603.957,
            "n": 3,
            "p50_ms": 605.168,
            "p95_ms": 608.246,
            "std_ms": 4.360491027395867
          },
          "graph_build": {
            "mean_ms": 1.0156666666666667,
            "n": 3,
            "p50_ms": 1.002,
            "p95_ms": 1.0407,
            "std_ms": 0.020757863302586985
          },
          "graph_compute": {
            "mean_ms": 2120.3983333333335,
            "n": 3,
            "p50_ms": 2123.186,
            "p95_ms": 2128.5401,
            "std_ms": 8.503150174429004
          },
          "graph_prepare_io": {
            "mean_ms": 35.935,
            "n": 3,
            "p50_ms": 32.281,
            "p95_ms": 43.1332,
            "std_ms": 5.9593464966107375
          }
        },
        "wall_ms": {
          "mean": 2286.6666666666665,
          "n": 3,
          "p50": 2280.0,
          "p95": 2298.0,
          "std": 9.428090415820634
        }
      }
    },
    "distill_neucodec": {
      "encode": {
        "n_failures": 0,
        "ok": true,
        "peak_rss_mb": {
          "mean": 1200.3333333333333,
          "n": 3,
          "p50": 1200.15625,
          "p95": 1201.017578125,
          "std": 0.5782510889151851
        },
        "phases": {
          "encode_total": {
            "mean_ms": 589.9093333333334,
            "n": 3,
            "p50_ms": 588.741,
            "p95_ms": 592.7415,
            "std_ms": 2.3485184455074894
          },
          "graph_build": {
            "mean_ms": 0.8936666666666667,
            "n": 3,
            "p50_ms": 0.893,
            "p95_ms": 0.9092,
            "std_ms": 0.013888444437333117
          },
          "graph_compute": {
            "mean_ms": 453.27933333333334,
            "n": 3,
            "p50_ms": 453.046,
            "p95_ms": 456.30039999999997,
            "std_ms": 2.6717771031448057
          },
          "graph_prepare_io": {
            "mean_ms": 0.30133333333333334,
            "n": 3,
            "p50_ms": 0.297,
            "p95_ms": 0.3258,
            "std_ms": 0.02104492549021946
          }
        },
        "wall_ms": {
          "mean": 790.0,
          "n": 3,
          "p50": 790.0,
          "p95": 790.0,
          "std": 0.0
        }
      }
    },
    "mimi": {
      "e2e": {
        "n_failures": 0,
        "ok": true,
        "peak_rss_mb": {
          "mean": 829.6471354166666,
          "n": 3,
          "p50": 829.66015625,
          "p95": 829.7515625,
          "std": 0.09930039565071676
        },
        "phases": {
          "decode_total": {
            "mean_ms": 325.13466666666665,
            "n": 3,
            "p50_ms": 324.737,
            "p95_ms": 331.6355,
            "std_ms": 5.778252119417735
          },
          "encode_total": {
            "mean_ms": 209.92766666666665,
            "n": 3,
            "p50_ms": 206.921,
            "p95_ms": 215.1623,
            "std_ms": 4.349302038514026
          },
          "graph_build": {
            "mean_ms": 1.2453333333333334,
            "n": 3,
            "p50_ms": 1.24,
            "p95_ms": 1.2570999999999999,
            "std_ms": 0.00974109279746823
          },
          "graph_compute": {
            "mean_ms": 506.3233333333333,
            "n": 3,
            "p50_ms": 507.225,
            "p95_ms": 510.7179,
            "std_ms": 4.3204378121770075
          },
          "graph_prepare_io": {
            "mean_ms": 26.994999999999997,
            "n": 3,
            "p50_ms": 26.406,
            "p95_ms": 28.901699999999998,
            "std_ms": 1.5979989570292799
          }
        },
        "wall_ms": {
          "mean": 653.3333333333334,
          "n": 3,
          "p50": 650.0,
          "p95": 659.0,
          "std": 4.714045207910317
        }
      }
    },
    "moss_audio_full": {
      "e2e": {
        "n_failures": 0,
        "ok": true,
        "peak_rss_mb": {
          "mean": 7422.6015625,
          "n": 3,
          "p50": 7422.4453125,
          "p95": 7422.926953124999,
          "std": 0.2692952620285802
        },
        "phases": {
          "decode_total": {
            "mean_ms": 657.123,
            "n": 3,
            "p50_ms": 657.985,
            "p95_ms": 658.8058000000001,
            "std_ms": 1.9007556392130274
          },
          "encode_total": {
            "mean_ms": 937.6723333333333,
            "n": 3,
            "p50_ms": 935.86,
            "p95_ms": 941.1061,
            "std_ms": 2.84471724820274
          },
          "graph_build": {
            "mean_ms": 27.258333333333333,
            "n": 3,
            "p50_ms": 27.329,
            "p95_ms": 27.4388,
            "std_ms": 0.1927508466619247
          },
          "graph_compute": {
            "mean_ms": 1564.724,
            "n": 3,
            "p50_ms": 1564.966,
            "p95_ms": 1565.893,
            "std_ms": 1.1501802757249375
          },
          "graph_prepare_io": {
            "mean_ms": 2.1926666666666668,
            "n": 3,
            "p50_ms": 2.193,
            "p95_ms": 2.2209,
            "std_ms": 0.025720722298480637
          }
        },
        "wall_ms": {
          "mean": 2803.3333333333335,
          "n": 3,
          "p50": 2800.0,
          "p95": 2809.0,
          "std": 4.714045207910317
        }
      }
    },
    "moss_audio_nano": {
      "e2e": {
        "n_failures": 0,
        "ok": true,
        "peak_rss_mb": {
          "mean": 320.0533854166667,
          "n": 3,
          "p50": 319.984375,
          "p95": 320.409765625,
          "std": 0.30532674217606165
        },
        "phases": {
          "decode_total": {
            "mean_ms": 153.25333333333333,
            "n": 3,
            "p50_ms": 150.288,
            "p95_ms": 164.1606,
            "std_ms": 9.195943211849205
          },
          "encode_total": {
            "mean_ms": 152.43033333333332,
            "n": 3,
            "p50_ms": 151.207,
            "p95_ms": 155.19490000000002,
            "std_ms": 2.289341147336698
          },
          "graph_build": {
            "mean_ms": 2.0713333333333335,
            "n": 3,
            "p50_ms": 2.044,
            "p95_ms": 2.1799,
            "std_ms": 0.09187068206028626
          },
          "graph_compute": {
            "mean_ms": 285.6913333333333,
            "n": 3,
            "p50_ms": 288.901,
            "p95_ms": 290.5408,
            "std_ms": 5.874782397861418
          },
          "graph_prepare_io": {
            "mean_ms": 16.295666666666666,
            "n": 3,
            "p50_ms": 13.736,
            "p95_ms": 20.8802,
            "std_ms": 3.804525580001912
          }
        },
        "wall_ms": {
          "mean": 346.6666666666667,
          "n": 3,
          "p50": 340.0,
          "p95": 358.0,
          "std": 9.428090415820634
        }
      }
    },
    "nemo_nano_codec": {
      "e2e": {
        "n_failures": 0,
        "ok": true,
        "peak_rss_mb": {
          "mean": 1102.75,
          "n": 3,
          "p50": 1102.453125,
          "p95": 1103.272265625,
          "std": 0.43372862954679586
        },