{
  "build_type": "Release",
  "config": {
    "input_wav": "test.wav",
    "iterations": 3,
    "warmup": 1
  },
  "git_sha": "a6c0a16",
  "host": {
    "cpu": "AMD RYZEN AI MAX+ 395 w/ Radeon 8060S",
    "uname": "Linux 6.17.0-22-generic x86_64"
  },
  "results": {
    "dac": {
      "e2e": {
        "n_failures": 0,
        "ok": true,
        "peak_rss_mb": {
          "mean": 9031.84375,
          "n": 3,
          "p50": 9031.80859375,
          "p95": 9032.3078125,
          "std": 0.410596242175378
        },
        "phases": {
          "decode_total": {
            "mean_ms": 1814.6913333333334,
            "n": 3,
            "p50_ms": 1816.097,
            "p95_ms": 1818.9149,
            "std_ms": 4.391983935408801
          },
          "encode_total": {
            "mean_ms": 859.7513333333334,
            "n": 3,
            "p50_ms": 859.688,
            "p95_ms": 861.1496000000001,
            "std_ms": 1.249226249412898
          },
          "graph_build": {
            "mean_ms": 0.9976666666666667,
            "n": 3,
            "p50_ms": 0.992,
            "p95_ms": 1.0118,
            "std_ms": 0.011728408057172797
          },
          "graph_compute": {
            "mean_ms": 2672.924666666667,
            "n": 3,
            "p50_ms": 2675.875,
            "p95_ms": 2677.2619,
            "std_ms": 5.299526540697309
          },
          "graph_prepare_io": {
            "mean_ms": 0.09066666666666666,
            "n": 3,
            "p50_ms": 0.091,
            "p95_ms": 0.0946,
            "std_ms": 0.00368178700572909
          }
        },
        "wall_ms": {
          "mean": 3263.3333333333335,
          "n": 3,
          "p50": 3260.0,
          "p95": 3269.0,
          "std": 4.714045207910317
        }
      }
    },
    "distill_neucodec": {
      "encode": {
        "n_failures": 0,
        "ok": true,
        "peak_rss_mb": {
          "mean": 2791.1588541666665,
          "n": 3,
          "p50": 2791.19140625,
          "p95": 2791.3179687499996,
          "std": 0.15639099541271728
        },
        "phases": {
          "encode_total": {
            "mean_ms": 784.2343333333333,
            "n": 3,
            "p50_ms": 782.615,
            "p95_ms": 787.3543999999999,
            "std_ms": 2.583956827984713
          },
          "graph_build": {
            "mean_ms": 0.8863333333333333,
            "n": 3,
            "p50_ms": 0.888,
            "p95_ms": 0.8988,
            "std_ms": 0.011897712198383176
          },
          "graph_compute": {
            "mean_ms": 646.0993333333333,
            "n": 3,
            "p50_ms": 643.331,
            "p95_ms": 650.8694,
            "std_ms": 3.965325067240875
          },
          "graph_prepare_io": {
            "mean_ms": 0.043666666666666666,
            "n": 3,
            "p50_ms": 0.044,
            "p95_ms": 0.044,
            "std_ms": 0.0004714045207910321
          }
        },
        "wall_ms": {
          "mean": 1146.6666666666667,
          "n": 3,
          "p50": 1150.0,
          "p95": 1159.0,
          "std": 12.47219128924647
        }
      }
    },
    "mimi": {
      "e2e": {
        "n_failures": 0,
        "ok": true,
        "peak_rss_mb": {
          "mean": 2525.1080729166665,
          "n": 3,
          "p50": 2525.140625,
          "p95": 2525.4148437500003,
          "std": 0.2895606162402452
        },
        "phases": {
          "decode_total": {
            "mean_ms": 349.40566666666666,
            "n": 3,
            "p50_ms": 349.785,
            "p95_ms": 351.9432,
            "std_ms": 2.4373495623091967
          },
          "encode_total": {
            "mean_ms": 283.35,
            "n": 3,
            "p50_ms": 283.452,
            "p95_ms": 284.1504,
            "std_ms": 0.761946629802028
          },
          "graph_build": {
            "mean_ms": 1.3333333333333333,
            "n": 3,
            "p50_ms": 1.253,
            "p95_ms": 1.4888,
            "std_ms": 0.1287435003753156
          },
          "graph_compute": {
            "mean_ms": 630.1456666666667,
            "n": 3,
            "p50_ms": 630.33,
            "p95_ms": 633.1794,
            "std_ms": 2.813810030703721
          },
          "graph_prepare_io": {
            "mean_ms": 0.103,
            "n": 3,
            "p50_ms": 0.096,
            "p95_ms": 0.1158,
            "std_ms": 0.010614455552060436
          }
        },
        "wall_ms": {
          "mean": 896.6666666666666,
          "n": 3,
          "p50": 900.0,
          "p95": 900.0,
          "std": 4.714045207910317
        }
      }
    },
    "moss_audio_full": {
      "e2e": {
        "n_failures": 0,
        "ok": true,
        "peak_rss_mb": {
          "mean": 13508.973958333334,
          "n": 3,
          "p50": 13509.08203125,
          "p95": 13509.472265625001,
          "std": 0.4923562596483674
        },
        "phases": {
          "decode_total": {
            "mean_ms": 873.6443333333333,
            "n": 3,
            "p50_ms": 873.653,
            "p95_ms": 876.038,
            "std_ms": 2.1743390311131936
          },
          "encode_total": {
            "mean_ms": 955.132,
            "n": 3,
            "p50_ms": 956.891,
            "p95_ms": 959.0006,
            "std_ms": 4.254085644021137
          },
          "graph_build": {
            "mean_ms": 30.709666666666667,
            "n": 3,
            "p50_ms": 30.52,
            "p95_ms": 32.7331,
            "std_ms": 1.7805299460803485
          },
          "graph_compute": {
            "mean_ms": 1796.8766666666666,
            "n": 3,
            "p50_ms": 1793.75,
            "p95_ms": 1804.6733,
            "std_ms": 6.469922324795623
          },
          "graph_prepare_io": {
            "mean_ms": 0.38266666666666665,
            "n": 3,
            "p50_ms": 0.369,
            "p95_ms": 0.4077,
            "std_ms": 0.020757863302587012
          }
        },
        "wall_ms": {
          "mean": 3593.3333333333335,
          "n": 3,
          "p50": 3600.0,
          "p95": 3609.0,
          "std": 16.99673171197595
        }
      }
    },
    "moss_audio_nano": {
      "e2e": {
        "n_failures": 0,
        "ok": true,
        "peak_rss_mb": {
          "mean": 1660.7083333333333,
          "n": 3,
          "p50": 1660.7421875,
          "p95": 1661.2062500000002,
          "std": 0.46308790993329646
        },
        "phases": {
          "decode_total": {
            "mean_ms": 169.77700000000002,
            "n": 3,
            "p50_ms": 169.625,
            "p95_ms": 170.57,
            "std_ms": 0.6797117035920478
          },
          "encode_total": {
            "mean_ms": 204.921,
            "n": 3,
            "p50_ms": 205.484,
            "p95_ms": 206.5766,
            "std_ms": 1.7272616092146251
          },
          "graph_build": {
            "mean_ms": 1.9973333333333334,
            "n": 3,
            "p50_ms": 1.97,
            "p95_ms": 2.0537,
            "std_ms": 0.046649997022746185
          },
          "graph_compute": {
            "mean_ms": 370.92866666666663,
            "n": 3,
            "p50_ms": 371.633,
            "p95_ms": 372.4745,
            "std_ms": 1.700614856129657
          },
          "graph_prepare_io": {
            "mean_ms": 0.10766666666666666,
            "n": 3,
            "p50_ms": 0.107,
            "p95_ms": 0.1115,
            "std_ms": 0.003299831645537225
          }
        },
        "wall_ms": {
          "mean": 503.3333333333333,
          "n": 3,
          "p50": 500.0,
          "p95": 518.0,
          "std": 12.47219128924647
        }
      }
    },
    "nemo_nano_codec": {
      "e2e": {
        "n_failures": 0,
        "ok": true,
        "peak_rss_mb": {
          "mean": 11986.856770833334,
          "n": 3,
          "p50": 11986.95703125,
          "p95": 11987.3296875,
          "std": 0.46629493076442213
        },