{
  "build_type": "Release",
  "config": {
    "input_wav": "test.wav",
    "iterations": 3,
    "warmup": 1
  },
  "git_sha": "1e4ae21",
  "host": {
    "cpu": "AMD RYZEN AI MAX+ 395 w/ Radeon 8060S",
    "uname": "Linux 6.17.0-22-generic x86_64"
  },
  "results": {
    "dac": {
      "e2e": {
        "n_failures": 0,
        "ok": true,
        "peak_rss_mb": {
          "mean": 420.0286458333333,
          "n": 3,
          "p50": 419.9921875,
          "p95": 420.305078125,
          "std": 0.24059315039937695
        },
        "phases": {
          "decode_total": {
            "mean_ms": 1431.8513333333333,
            "n": 3,
            "p50_ms": 1431.959,
            "p95_ms": 1432.0049000000001,
            "std_ms": 0.18947353963606398
          },
          "encode_total": {
            "mean_ms": 562.8466666666667,
            "n": 3,
            "p50_ms": 558.072,
            "p95_ms": 573.4215,
            "std_ms": 8.754790320479133
          },
          "graph_build": {
            "mean_ms": 0.935,
            "n": 3,
            "p50_ms": 0.933,
            "p95_ms": 0.9429,
            "std_ms": 0.006683312551921097
          },
          "graph_compute": {
            "mean_ms": 1978.4750000000001,
            "n": 3,
            "p50_ms": 1972.277,
            "p95_ms": 1990.6379000000002,
            "std_ms": 10.070094968105682
          },
          "graph_prepare_io": {
            "mean_ms": 14.865,
            "n": 3,
            "p50_ms": 15.525,
            "p95_ms": 15.989400000000002,
            "std_ms": 1.3152277369337984
          }
        },
        "wall_ms": {
          "mean": 2076.6666666666665,
          "n": 3,
          "p50": 2070.0,
          "p95": 2088.0,
          "std": 9.428090415820634
        }
      }
    },
    "distill_neucodec": {
      "encode": {
        "n_failures": 0,
        "ok": true,
        "peak_rss_mb": {
          "mean": 673.6640625,
          "n": 3,
          "p50": 673.59375,
          "p95": 673.927734375,
          "std": 0.22250771727019192
        },
        "phases": {
          "encode_total": {
            "mean_ms": 597.1526666666667,
            "n": 3,
            "p50_ms": 597.105,
            "p95_ms": 597.9141,
            "std_ms": 0.6764911102314706
          },
          "graph_build": {
            "mean_ms": 0.8286666666666667,
            "n": 3,
            "p50_ms": 0.825,
            "p95_ms": 0.8502000000000001,
            "std_ms": 0.018553226733434302
          },
          "graph_compute": {
            "mean_ms": 460.22633333333334,
            "n": 3,
            "p50_ms": 461.441,
            "p95_ms": 461.7686,
            "std_ms": 1.980767079245367
          },
          "graph_prepare_io": {
            "mean_ms": 0.27666666666666667,
            "n": 3,
            "p50_ms": 0.265,
            "p95_ms": 0.3073,
            "std_ms": 0.025460208605237743
          }
        },
        "wall_ms": {
          "mean": 776.6666666666666,
          "n": 3,
          "p50": 780.0,
          "p95": 780.0,
          "std": 4.714045207910317
        }
      }
    },
    "mimi": {
      "e2e": {
        "n_failures": 0,
        "ok": true,
        "peak_rss_mb": {
          "mean": 477.8268229166667,
          "n": 3,
          "p50": 477.9375,
          "p95": 478.0640625,
          "std": 0.26231728305212226
        },
        "phases": {
          "decode_total": {
            "mean_ms": 249.81966666666665,
            "n": 3,
            "p50_ms": 250.302,
            "p95_ms": 251.92020000000002,
            "std_ms": 2.086855103312694
          },
          "encode_total": {
            "mean_ms": 185.11533333333333,
            "n": 3,
            "p50_ms": 186.635,
            "p95_ms": 187.049,
            "std_ms": 2.4815183971825623
          },
          "graph_build": {
            "mean_ms": 1.254,
            "n": 3,
            "p50_ms": 1.161,
            "p95_ms": 1.4283,
            "std_ms": 0.14443683740652866
          },
          "graph_compute": {
            "mean_ms": 432.7896666666667,
            "n": 3,
            "p50_ms": 431.681,
            "p95_ms": 434.73650000000004,
            "std_ms": 1.616927195502501
          },
          "graph_prepare_io": {
            "mean_ms": 0.44833333333333336,
            "n": 3,
            "p50_ms": 0.446,
            "p95_ms": 0.46490000000000004,
            "std_ms": 0.014383632673594292
          }
        },
        "wall_ms": {
          "mean": 536.6666666666666,
          "n": 3,
          "p50": 540.0,
          "p95": 540.0,
          "std": 4.714045207910317
        }
      }
    },
    "moss_audio_full": {
      "e2e": {
        "n_failures": 0,
        "ok": true,
        "peak_rss_mb": {
          "mean": 3464.4947916666665,
          "n": 3,
          "p50": 3464.73828125,
          "p95": 3464.812109375,
          "std": 0.40374242795832166
        },
        "phases": {
          "decode_total": {
            "mean_ms": 624.092,
            "n": 3,
            "p50_ms": 628.029,
            "p95_ms": 629.9226,
            "std_ms": 7.107604706697369
          },
          "encode_total": {
            "mean_ms": 655.743,
            "n": 3,
            "p50_ms": 656.961,
            "p95_ms": 666.204,
            "std_ms": 9.914637394613397
          },
          "graph_build": {
            "mean_ms": 24.677,
            "n": 3,
            "p50_ms": 24.936,
            "p95_ms": 25.149299999999997,
            "std_ms": 0.542562438803129
          },
          "graph_compute": {
            "mean_ms": 1252.337,
            "n": 3,
            "p50_ms": 1259.054,
            "p95_ms": 1266.7283,
            "std_ms": 15.914177599444667
          },
          "graph_prepare_io": {
            "mean_ms": 2.127666666666667,
            "n": 3,
            "p50_ms": 2.14,
            "p95_ms": 2.1634,
            "std_ms": 0.03736605708691008
          }
        },
        "wall_ms": {
          "mean": 2486.6666666666665,
          "n": 3,
          "p50": 2490.0,
          "p95": 2508.0,
          "std": 20.548046676563256
        }
      }
    },
    "moss_audio_nano": {
      "e2e": {
        "n_failures": 0,
        "ok": true,
        "peak_rss_mb": {
          "mean": 112.015625,
          "n": 3,
          "p50": 111.92578125,
          "p95": 112.259765625,
          "std": 0.20315003852089633
        },
        "phases": {
          "decode_total": {
            "mean_ms": 109.591,
            "n": 3,
            "p50_ms": 109.997,
            "p95_ms": 110.00689999999999,
            "std_ms": 0.5819662074954739
          },
          "encode_total": {
            "mean_ms": 133.85966666666667,
            "n": 3,
            "p50_ms": 129.209,
            "p95_ms": 142.5893,
            "std_ms": 7.233689991207032
          },
          "graph_build": {
            "mean_ms": 1.8536666666666668,
            "n": 3,
            "p50_ms": 1.866,
            "p95_ms": 1.8777,
            "std_ms": 0.027157974069424894
          },
          "graph_compute": {
            "mean_ms": 238.30333333333334,
            "n": 3,
            "p50_ms": 235.118,
            "p95_ms": 244.6067,
            "std_ms": 5.218236377253229
          },
          "graph_prepare_io": {
            "mean_ms": 0.8046666666666666,
            "n": 3,
            "p50_ms": 0.714,
            "p95_ms": 0.9713999999999999,
            "std_ms": 0.13823972736598633
          }
        },
        "wall_ms": {
          "mean": 266.6666666666667,
          "n": 3,
          "p50": 260.0,
          "p95": 278.0,
          "std": 9.428090415820634
        }
      }
    },
    "nemo_nano_codec": {
      "e2e": {
        "n_failures": 0,
        "ok": true,
        "peak_rss_mb": {
          "mean": 271.7265625,
          "n": 3,
          "p50": 271.6484375,
          "p95": 272.253125,
          "std": 0.456257134647412
        },